url,username,password
replit,inecho7,3b+L4J:39s`o
j,o,starlight-starlight-starlight
f,u,starlight-starlight-starlight-starlight
e,o,journey-infinity-notebook-journey-quantum
djmd,ok,I^$~tjW9P
fjirj,eok,notebook-river-apple-lantern-chocolate-horizon-guitar-pyramid-banana-fortress-apple-chocolate-elephant-elephant-journey-kingdom-lantern-chocolate-horizon-mountain-quantum-quantum-chocolate-journey-quantum-horizon-banana-lantern-lantern-starlight-starlight-elephant-banana-guitar-apple-starlight-fortress-guitar-horizon-lantern-river-chocolate-chocolate-apple-starlight-river-fortress-infinity-notebook
kf,ijd,varmint-hangout-immunity-unhearing-unrest
dijd,woka,yodel-activate-stays-author-geranium-pauper-canine-reusable
kdj,wkw,politely-sake-jelly-unwired-fetal-handling-figurine-shelving-facelift
jm,p,yj;U)M_3iOx6apTiz05&?Oa3eBE0ribmvO{"<bbYQt
